Nazev;Autor;Spoluautori;DruhPublikace;Deponovano;SystemoveCislo;EvidencniCisloFEL;EvidencniCisloOddeleni;CarovyKod;PocetStran;Vydani;RokVydani;Vydavatel;ZemeVydani;ISBNorISSN;CisloCasopisu;RocnikCasopisu;Konference;Cena;KlicovaSlova;Poznamka;Vlozeno;ZapujcenoKomu;ZapujcenoOd;ZapujcenoDo;FormType;IntStatus;Extra3;Extra4;Extra5;StsCheck;StsUK;
Kybernetika;Ashby, Ross W.;;Book;;;610829;KAT-0001 (610829);28498-60;;;;;;;;;;;;12;;;;;;WriteOff;;;;OK;;
Možet-li mašina myslit ?;Turing, Alan;;Book;;;611003;KAT-0002 (611003);11651-20;;;;;;;;;;;;12;;;;;;WriteOff;;;;OK;;
Kybernetika;Poletajev, J.A.;;Book;;;611769;KAT-0003 (611769);731207-10;;;;;;;;;;;;12;;;;;;WriteOff;;;;OK;;
Kybernetika a společnost;Wiener, Norbert;;Book;;;630645;KAT-0004 (630645);263326-20;;;;;;;;;;;;12;;;;;;WriteOff;;;;OK;;
Novyje glavy kibernetiki;Wiener, Norbert;;Book;;;630923;KAT-0005 (630923);49967-30;;;;;;;;;;;;12;;;;;;WriteOff;;;;OK;;
Uvedenije v kinernetiku;Gluškov, V.M.;;Book;;;641427;KAT-0006 (641427);37912-20;;;;;;;;;;;;12;;;;;;WriteOff;;;;OK;;
Dokonalý stratég aneb slabikář teorie strategických her;Williams, J.D.;;Book;;;661540;KAT-0007 (661540);16826-20;;;;;;;;;;;;12;;;;;;WriteOff;;;;OK;;
Bionika;;;Book;;;661873;KAT-0008 (661873);;;;;;;;;;;;;12;;;;;;WriteOff;;;;OK;;
Design for a brain;Ashby, Ross W.;;Book;;;662972;KAT-0009 (662972);731142-10;;;;;;;;;;;;12;;;;;;WriteOff;;;;OK;;
Základy numerické matematiky;Děmidovič;Maron;Book;;;670859;KAT-0010 (670859);79547-120;;;;;;;;;;;;12;;;;;;WriteOff;;;;OK;;
Learning Machines;Nilsson, Nils;;Book;;;680362;KAT-0011 (680362);731146-10;;;;;;;;;;;;12;;;;;;WriteOff;;;;OK;;
A-Č slovník - organizační a výpočetní technika;Vybíral, J.;Kazda ,J.;Book;;;691325;KAT-0012 (691325);660014-50;;;;;;;;;;;;12;;;;;;WriteOff;;;;OK;;
Lecture notes in Mathematics: Colloquium on Methods of Optimization;Moiseev, N.N. (ed.);;Book;;;701089;KAT-0013 (701089);731147-10;;;;;;;;;;;;12;;;;;;WriteOff;;;;OK;;
System Theory and Biology - Proceedings;Mesarovič, M.D. (ed.);;Book;;;710842;KAT-0014 (710842);731148-10;;;;;;;;;;;;12;;;;;;WriteOff;;;;OK;;
Adaptive, Learning and Pattern Recognition Systems;Mendel, J.M. (ed.);Fu, K.S.;Book;;;711386;KAT-0015 (711386);19445-20;;;;;;;;;;;;12;;;;;;WriteOff;;;;OK;;
Sbírka úloh teorie pravděpodobnosti, matematické statistiky a teorie náhodných funkcí;Svešnikov, A.A.;;Book;;;711784;KAT-0016 (711784);17936-450;;;;;;;;;;;;12;;;;;;WriteOff;;;;OK;;
Logika, automaty a algoritmy;Ajzerman, M.A.;;Book;;;711787;KAT-0017 (711787);36557-40;;;;;;;;;;;;12;;;;;;WriteOff;;;;OK;;
Poslední metody v razpoznavaniji obrazov;Fu, K.S.;;Book;;;711863;KAT-0018 (711863);;;;;;;;;;;;;12;;;;;;WriteOff;;;;OK;;
Theory of Hierarchical, Multilevel Systems;Mesarovic M.D.;Macko D., Takahara Y.;Book;;;712416;KAT-0019 (712416);39719-30;;;;;;;;;;;;12;;;;;;WriteOff;;;;OK;;
Process Analysis by Statistical Methods;Himmelblau, D.;;Book;;;720744;KAT-0020 (720744);;;;;;;;;;;;;12;;;;;;WriteOff;;;;OK;;
Identification of Distributed Systems;Phillipson G. A.;;Book;;;720885;KAT-0021 (720885);731149-10;;;;;;;;;;;;12;;;;;;WriteOff;;;;OK;;
Systemy evist. samoorganizovanija v tech. kib.;Ivachněnko;;Book;;;720933;KAT-0022 (720933);34558-20;;;;;;;;;;;;12;;;;;;WriteOff;;;;OK;;
Methodologies of pattern recognition;Watanabe, S. (ed.);;Book;;;721661;KAT-0023 (721661);;;;;;;;;;;;;12;;;;;;WriteOff;;;;OK;;
The management of learning;Davies, I.;;Book;;;722113;KAT-0024 (722113);731151-10;;;;;;;;;;;;12;;;;;;WriteOff;;;;OK;;
Metody rozpoznavanija a ich primenenije;Zagorujko N.F.;;Book;;;722655;KAT-0025 (722655);731152-10;;;;;;;;;;;;12;;;;;;WriteOff;;;;OK;;
System indentification;Sage A.,;Melsa J.;Book;;;722769;KAT-0026 (722769);731153-10;;;;;;;;;;;;12;;;;;;WriteOff;;;;OK;;
Speech Analysis, Synthesis and Perception;Flanagan J.L.;;Book;;;730620;KAT-0027 (730620);731154-10;;;;;;;;;;;;12;;;;;;WriteOff;;;;OK;;
Information Theory;Young J.;;Book;;;730717;KAT-0028 (730717);731155-10;;;;;;;;;;;;12;;;;;;WriteOff;;;;OK;;
Biokybernetics - Volume IV;Drischel, H. (ed.);Dettmar, P.;Book;;;731888;KAT-0029 (731888);731156-10;;;;;;;;;;;;12;;;;;;WriteOff;;;;OK;;
Foundations of Mathematical Biology - Volume II;Rosen, Robert (ed);;Book;;;731949;KAT-0030 (731949);731157-10;;;;;;;;;;;;12;;;;;;WriteOff;;;;OK;;
Aspects of Network and System Theory;Kalman R.E. (ed.);DeClapis N.;Book;;;732293;KAT-0031 (732293);731158-10;;;;;;;;;;;;12;;;;;;WriteOff;;;;OK;;
An Introduction to Computer Logic;Nagle H.T.;Carroll B.D.,Irwin J.D.;Book;;;750852;KAT-0032 (750852);731160-10;;;;;;;;;;;;12;;;;;;WriteOff;;;;OK;;
Teorie her a optimální rozhodování;Maňas, Miroslav;;Book;;;750987;KAT-0033 (750987);13738-180;;;;;;;;;;;;12;;;;;;WriteOff;;;;OK;;
Learning Systems and Intelligent Robots;Fu, K.S.(ed.);Tou, J.T.;Book;;;751008;KAT-0034 (751008);731230-10;;;;;;;;;;;;12;;;;;;WriteOff;;;;OK;;
Understanding Natural Languages;Winograd Terry;;Book;;;741928;KAT-0035 (741928);7476-10;;;;;;;;;;;;12;;;;;;WriteOff;;;;OK;;
Teorija rozpoznavanija obrazov;Vapnik V.N.;Červonenkis A.;Book;;;742134;KAT-0036 (742134);48625-30;;;;;;;;;;;;12;;;;;;WriteOff;;;;OK;;
Identification and System Parameter Estimation - Part 1;Eykhoff, P. (ed.);;Book;;;740919;KAT-0037 (740919);102664-20;;;;;;;;;;;;12;;;;;;WriteOff;;;;OK;;
Identification and System Parameter Estimation - Part 2;Eykhoff, P. (ed.);;Book;;;740920;KAT-0038 (740920);102664-30;;;;;;;;;;;;12;;;;;;WriteOff;;;;OK;;
Cybernetic Engineering;Young John;;Book;;;740028;KAT-0039 (740028);731229-10;;;;;;;;;;;;12;;;;;;WriteOff;;;;OK;;
Kybernetische Grundlagen und Beschreibung kontinuierlicher Systeme;Reinisch Karl;;Book;;;751359;KAT-0040 (751359);731205-10;;;;;;;;;;;;12;;;;;;WriteOff;;;;OK;;
O biologii učení;Lorenz K.Z.;Hydén H.,Penfield W.;Book;;;751994;KAT-0041 (751994);24624-10;;;;;;;;;;;;12;;;;;;WriteOff;;;;OK;;
Model Theory;Chang C.C.;Keisler H.J.;Book;;;752076;KAT-0042 (752076);731208-10;;;;;;;;;;;;12;;;;;;WriteOff;;;;OK;;
Classification, Estimation and Pattern Recognit.;Young, T.Y. (ed.);Calvert, T.W.;Book;;;752080;KAT-0043 (752080);731209-10;;;;;;;;;;;;12;;;;;;WriteOff;;;;OK;;
Proceedings of Data Base Management Systems - SHARE 1973;Jardine, Donald (ed.);;Book;;;752084;KAT-0044 (752084);731210-10;;;;;;;;;;;;12;;;;;;WriteOff;;;;OK;;
System Development Methodology;Hice G.F.;Turner W.S., Cashwell L.F.;Book;;;752086;KAT-0045 (752086);731211-10;;;;;;;;;;;;12;;;;;;WriteOff;;;;OK;;
Introduction to Artificial Intelligence;Jackson P.;;Book;;;752176;KAT-0046 (752176);731212-10;;;;;;;;;;;;12;;;;;;WriteOff;;;;OK;;
Artificial Intelligence;Hunt E.B.;;Book;;;752233;KAT-0047 (752233);731213-10;;;;;;;;;;;;12;;;;;;WriteOff;;;;OK;;
A Mathematical Introduction to Logic;Enderton H.B.;;Book;;;752235;KAT-0048 (752235);294951-20;;;;;;;;;;;;12;;;;;;WriteOff;;;;OK;;
The Psycholog of Computer Vision;Winston, P.H. (ed.);;Book;;;760052;KAT-0049 (760052);731215-10;;;;;;;;;;;;12;;;;;;WriteOff;;;;OK;;
Pattern Recognition, Learning and Thought;Uhr L.;;Book;;;760416;KAT-0050 (760416);;;;;;;;;;;;;12;;;;;;WriteOff;;;;OK;;
Matematische Systemtheorie;Pichler F.;;Book;;;760428;KAT-0051 (760428);731217-10;;;;;;;;;;;;12;;;;;;WriteOff;;;;OK;;
Introduction to Statistical Pattern Recognition;Fukunaga K.;;Book;;;760846;KAT-0052 (760846);731218-10;;;;;;;;;;;;12;;;;;;WriteOff;;;;OK;;
Symbolic Logic and Mechanical Theorem Proving;Chang Ch.;Lee R.;Book;;;760847;KAT-0053 (760847);11437-20;;;;;;;;;;;;12;;;;;;WriteOff;;;;OK;;
Cluster Analysis for Applications;Anderberg, M.R.;;Book;;;760849;KAT-0054 (760849);731219-10;;;;;;;;;;;;12;;;;;;WriteOff;;;;OK;;
Proceedings of 2nd inter. joint conf. on Pattern Recognition;;;Book;;;761215;KAT-0055 (761215);731227-10;;;;;;;;;;;;12;;;;;;WriteOff;;;;OK;;
Developmental Systems and Languages;Herman G.T.;Rozenberg G;Book;;;761019;KAT-0056 (761019);731226-10;;;;;;;;;;;;12;;;;;;WriteOff;;;;OK;;
VEM - Handbuch Numerische Stenerungen;Bartsch, H.-J-;;Book;;;770263;KAT-0057 (770263);731228-10;;;;;;;;;;;;12;;;;;;WriteOff;;;;OK;;
Základní numerické metody;Vlach Milan;;Book;;;770436;KAT-0058 (770436);;;;;;;;;;;;;12;;;;;;WriteOff;;;;OK;;
Biofyzika (třetí vydání);Beier, Walter;;Book;;;771112;KAT-0059 (771112);731265-10;;;;;;;;;;;;12;;;;;;WriteOff;;;;OK;;
Kybernetik;Sydow A.;;Book;;;771697;KAT-0060 (771697);12293-10;;;;;;;;;;;;12;;;;;;WriteOff;;;;OK;;
Základy lékařské kybernetiky (první vydání);Wünsch Z.;Dostál C., VeselýA.;Book;;;780135;KAT-0061 (780135);;;;;;;;;;;;;12;;;;;;WriteOff;;;;OK;;
Základy lékařské kybernetiky (první vydání);Wünsch, Zdeněk;Dostál Ctibor,Veselý Arnošt;Book;;;780136;KAT-0062 (780136);;;;;;;;;;;;;12;;;;;;WriteOff;;;;OK;;
A Structure for Plans and Behaviour;Sacerdoti E.D.;;Book;;;780336;KAT-0063 (780336);;;;;;;;;;;;;12;;;;;;WriteOff;;;;OK;;
Lineární metody statistické indukce a jejich aplikace (třetí vydání);Rao, R. C.;;Book;;;781141;KAT-0064 (781141);731267-10;;;;;;;;;;;;12;;;;;;WriteOff;;;;OK;;
Základy numerické matematiky;Ralston A.;;Book;;;782183;KAT-0065 (782183);17946-300;;;;;;;;;;;;12;;;;;;WriteOff;;;;OK;;
Machine Recognition of Patterns;Agrawala, A.K.(ed.);;Book;;;772267;KAT-0066 (772267);731266-10;;;;;;;;;;;;12;;;;;;WriteOff;;;;OK;;
Teorie pravděpodobnosti;Tutubalin V. N.;;Book;;79372;790301;KAT-0067 (790301);BC000023938-000030;;;;;;;;;;;;12;;;;;;WriteOff;;;;OK;;
Kybernetické modely;Drozen V.;Drozen D.;Book;;;790326;KAT-0068 (790326);79258-20;;;;;;;;;;;;12;;;;;;WriteOff;;;;OK;;
Teorie pravděpodobnosti (první vydání);Tutubalin V. N.;;Book;;79372;800169;KAT-0069 (800169);BC000023938-000010;;;;;;;;;;;;12;;;;;;WriteOff;;;;OK;;
Praktické použití FORTRANU (druhé vydání);Tišer, Jan;Olehla, Miroslav;Book;;80909;800162;KAT-0070 (800162);BC000023845-000010;;;;;;;;;;;;12;;;;;;WriteOff;;;;OK;;
Lineární metody statistické indukce a jejich aplikace;Rao C. R.;;Book;;275997;800174;KAT-0071 (800174);BC000010667-000040;;;;;;;;;;;;12;;;;;;WriteOff;;;;OK;;
Syntéza a analýza efektívnych numerických algoritmov;Mikloško Jozef;;Book;;20716;800288;KAT-0072 (800288);BC000020716-000030;;;;;;;;;;;;12;;;;;;WriteOff;;;;OK;;
Moderní statistika;Swoboda H.;;Book;;;780521;KAT-0073 (780521);;;;;;;;;;;;;12;;;;;;WriteOff;;;;OK;;
System Identification: Advances and Case Studies (první vydání);Mehra, Raman K. (ed.);;Book;;24758;800594;KAT-0074 (800594);BC000024758-000010;;;;;;;;;;;;12;;;;;;WriteOff;;;;OK;;
Mathematical Models for the Study of the Reliability of Systems (první vydání);Kaufmann, A.;Grouchko D.,Cruon R.;Book;;20416;800595;KAT-0075 (800595);BC000020416-000010;;;;;;;;;;;;12;;;;;;WriteOff;;;;OK;;
System Reliability Modelling and Evaluation;Singh, Chanan;Billington,Roy;Book;;20892;800596;KAT-0076 (800596);BC000020892-000010;;;;;;;;;;;;12;;;;;;WriteOff;;;;OK;;
Proceedings of Medical Informatics Berlin 1979;Barber, B. (ed).;;Book;;21998;800597;KAT-0077 (800597);BC000021998-000010;;;;;;;;;;;;12;;;;;;WriteOff;;;;OK;;
Automated Theorem Proving: A Logical Basis;Loveland Donald W.;;Book;;20642;800614;KAT-0078 (800614);BC000020642-000010;;;;;;;;;;;;12;;;;;;WriteOff;;;;OK;;
Two-dimensional Digital Signal Processing;Sanjit, K. Mitra (ed.);;Book;;23941;801077;KAT-0079 (801077);BC000023941-000010;;;;;;;;;;;;12;;;;;;WriteOff;;;;OK;;
Adaptivní a učící se systémy;Kotek, Zdeněk;;Book;;16447;801088;KAT-0080 (801088);BC000016447-000240;;;;;;;;;;;;12;;;;;;WriteOff;;;;OK;;
Adaptivní a učící se systémy;Kotek, Zdeněk;;Book;;16447;801090;KAT-0081 (801090);BC000016447-000250;;;;;;;;;;;;12;;;;;;WriteOff;;;;OK;;
Vyrovnávací počet (druhé vydání);Böhm, Josef;Radouch, Vladimír;Book;;276853;801232;KAT-0082 (801232);BC000017611-000010;;;;;;;;;;;;12;;;;;;WriteOff;;;;OK;;
Robotika: Úvod do teorie kognitivních robotů;Havel, Ivan;;Book;;4301;801344;KAT-0083 (801344);BC000022426-000040;;;;;;;;;;;;12;;;;;;WriteOff;;;;OK;;
Robotika: Úvod do teorie kognitivních robotů;Havel Ivan;;Book;;4301;801346;KAT-0084 (801346);BC000022426-000060;;;;;;;;;;;;12;;;;;;WriteOff;;;;OK;;
Robotika: Úvod do teorie kognitivních robotů;Havel Ivan;;Book;;4301;801348;KAT-0085 (801348);BC000022426-000070;;;;;;;;;;;;12;;;;;;WriteOff;;;;OK;;
Robotika: Úvod do teorie kognitivních robotů;Havel Ivan;;Book;;4301;801349;KAT-0086 (801349);BC000022426-000080;;;;;;;;;;;;12;;;;;;WriteOff;;;;OK;;
Data Base Techniques for Pictorial Applications;Blaser, A. (ed.);;Book;;17531;801990;KAT-0087 (801990);BC000017531-000010;;;;;;;;;;;;12;;;;;;WriteOff;;;;OK;;
Operační systémy;Madnick Stuart E.;John J. Donovan;Book;;56009;811145;KAT-0088 (811145);BC000056009-000030;;;;;;;;;;;;12;;;;;;WriteOff;;;;OK;;
Logiko-semantičeskije voprosy iskusstvenogo intellekta;;;Book;;20618;812036;KAT-0089 (812036);BC000020618-000010;;;;;;;;;;;;12;;;;;;WriteOff;;;;OK;;
Changes in Health Care Instrumentation Due to Microprocessor Technology;;;Book;;20034;812074;KAT-0090 (812074);BC000020034-000010;;;;;;;;;;;;12;;;;;;WriteOff;;;;OK;;
Statistická analýza časových řad;Anděl, Jiří;;Book;;76503;811117;KAT-0091 (811117);BC000017870-000010;;;;;;;;;;;;12;;;;;;WriteOff;;;;OK;;
Operační systémy;Madnick Stuart E.;John J. Donovan;Book;;56009;811331;KAT-0092 (811331);BC000056009-000040;;;;;;;;;;;;12;;;;;;WriteOff;;;;OK;;
A Structural Analysis of Complex Aerial Photographs;Makoto Nagao, Takashi Matsuyama;;Book;;22036;811692;KAT-0093 (811692);BC000022036-000020;;;;;;;;;;;;12;;;;;;WriteOff;;;;OK;;
Systematické programovanie;Niklaus Wirth;;Book;;16730;811723;KAT-0094 (811723);BC000016730-000020;;;;;;;;;;;;12;;;;;;WriteOff;;;;OK;;
Proceedings of Informationsverarbeirung in der Medizin: Wege und Irrwege;Ehlers, C. Th. (ed.);Klar, R.;Book;;19915;812076;KAT-0095 (812076);BC000019915-000010;;;;;;;;;;;;12;;;;;;WriteOff;;;;OK;;
Programování v jazyku FORTRAN (čtvrté vydání);Vogel Jiří;;Book;;84106;812245;KAT-0096 (812245);BC000016673-000170;;;;;;;;;;;;12;;;;;;WriteOff;;;;OK;;
Digital Image Processing Systems: Lecture Notes in Computer Science, 109;Bolc, L. (ed.);Kulpa, Z.;Book;;19764;812318;KAT-0097 (812318);BC000019764-000010;;;;;;;;;;;;12;;;;;;WriteOff;;;;OK;;
A Structural Analysis of Complex Aerial Photographs;Makoto Nagao;Takashi Matsuyama;Book;;22036;820015;KAT-0098 (820015);BC000022036-000010;;;;;;;;;;;;12;;;;;;WriteOff;;;;OK;;
Matematická teorie programů;Manna, Zohar;;Book;;21834;820062;KAT-0099 (820062);BC000021871-000020;;;;;;;;;;;;12;;;;;;WriteOff;;;;OK;;
Data Analysis and Informatics;Diday E. (ed.);Labert L., Pagés J.P.;Book;;17530;820245;KAT-0100 (820245);BC000017530-000010;;;;;;;;;;;;12;;;;;;WriteOff;;;;OK;;
Kompilátory číslicových počítačov;Gries, David;;Book;;16030;820160;KAT-0101 (820160);BC000023586-000020;;;;;;;;;;;;12;;;;;;WriteOff;;;;OK;;
Pattern Recognition in Practice;Gelsema Edzard S. (ED.);Kanal L.N.;Book;;22252;820250;KAT-0102 (820250);BC000022252-000020;;;;;;;;;;;;12;;;;;;WriteOff;;;;OK;;
Přehled užité matematiky (čtvrté vydání);Rektorys Karel;;Book;;96057;820306;KAT-0103 (820306);BC000016018-000050;;;;;;;;;;;;12;;;;;;WriteOff;;;;OK;;
Přehled užité matematiky (čtvrté vydání);Rektory,s Karel;;Book;;96057;820309;KAT-0104 (820309);BC000016018-000080;;;;;;;;;;;;12;;;;;;WriteOff;;;;OK;;
Lernfähige Klassifizierungssysteme;Wysotzki, Fritz;Unger, Siegfried;Book;;16765;820323;KAT-0105 (820323);BC000016765-000010;;;;;;;;;;;;12;;;;;;WriteOff;;;;OK;;
Pattern-Directed Inference Systems;Waterman, D. (ed.);;Book;;22251;820449;KAT-0106 (820449);BC000022251-000010;;;;;;;;;;;;12;;;;;;WriteOff;;;;OK;;
Termodinamika informacionnych processov;Poplavskij R. P.;;Book;;;820474;KAT-0107 (820474);;;;;;;;;;;;;12;;;;;;WriteOff;;;;OK;;
Pattern Recognition in Practice;Gelsema Edzard S. (ed.);Kanal L.N.;Book;;22252;820607;KAT-0108 (820607);BC000022252-000010;;;;;;;;;;;;12;;;;;;WriteOff;;;;OK;;
Proces a struktura lidského učení;Linhart Josef;;Book;;20592;820721;KAT-0109 (820721);BC000020592-000040;;;;;;;;;;;;12;;;;;;WriteOff;;;;OK;;
Knowledge-BASED Systems in Artificial Intelligence;Davis, R.;Lenat,D.B.;Book;;17544;821407;KAT-0110 (821407);BC000017544-000010;;;;;;;;;;;;12;;;;;;WriteOff;;;;OK;;
Languages and Architectures for Image Programming;Duff, M. J. B. (ed).;Levialdi, S.;Book;;20446;821458;KAT-0111 (821458);BC000020446-000010;;;;;;;;;;;;12;;;;;;WriteOff;;;;OK;;
Mathematische Psychologie: Mathematische Modellierung und Skalierung in der Psychologie;Sydow H.;P. Petzold;Book;;24743;821866;KAT-0112 (821866);BC000024743-000010;;;;;;;;;;;;12;;;;;;WriteOff;;;;OK;;
Teorie automatického řízení I: Lineární a nelineární systémy;Kubík  S.;Z. Kotek, V. Strejc, J. Štecha;Book;;;821999;KAT-0113 (821999);;;;;;;;;;;;;12;;;;;;WriteOff;;;;OK;;
Základy teorie funkcí a funkcionální analýzy;Kolmogorov A. N.;S. V. Fomin;Book;;377474;830022;KAT-0114 (830022);BC000023218-000010;;;;;;;;;;;;12;;;;;;WriteOff;;;;OK;;
Matematická teorie programů;Manna, Z.;;Book;;21834;830024;KAT-0115 (830024);BC000021834-000010;;;;;;;;;;;;12;;;;;;WriteOff;;;;OK;;
Řízení rozlehlých systémů;Beneš, J.;;Book;;16636;830243;KAT-0116 (830243);BC000017181-000010;;;;;;;;;;;;12;;;;;;WriteOff;;;;OK;;
Vyčislitelnyje mašiny i trudnorešajemyje zadači;Garey M. R.;D. S. Johnson;Book;;23423;830353;KAT-0117 (830353);BC000023423-000030;;;;;;;;;;;;12;;;;;;WriteOff;;;;OK;;
A programming approach to computability;Arbib, M. A.;Kfoury A. J.,Moll R. N.;Book;;23068;830159;KAT-0118 (830159);BC000023068-000010;;;;;;;;;;;;12;;;;;;WriteOff;;;;OK;;
Machine Intelligence 10: Intelligent Systems: Practice and Perspective;Hayes, J. E. (ed.);Michie D., Pao Y.H.;Book;;21796;830161;KAT-0119 (830161);BC000021796-000010;;;;;;;;;;;;12;;;;;;WriteOff;;;;OK;;
Výpočetní a řídící technika;Krištoufek K.;;Book;;1757;830566;KAT-0120 (830566);BC000021247-000060;;;;;;;;;;;;12;;;;;;WriteOff;;;;OK;;
Introduction to the Z80 Microcomputer;Khambata A.J.;;Book;;23069;831135;KAT-0121 (831135);BC000023069-000010;;;;;;;;;;;;12;;;;;;WriteOff;;;;OK;;
Metody umělé inteligence a jejich aplikace v robotice,programování a informačních systémech: Sborník přednášek;;;Book;;23662;840590;KAT-0122 (840590);BC000023662-000020;;;;;;;;;;;;12;;;;;;WriteOff;;;;OK;;
Statistická ročenka Československé socialistické republiky 1983;;;Book;;87871;840680;KAT-0123 (840680);BC000024360-000020;;;;;;;;;;;;12;;;;;;WriteOff;;;;OK;;
Roboter im Blickpunkt;Naumann E.;D. Kiese;Book;;22059;840769;KAT-0124 (840769);BC000022059-000010;;;;;;;;;;;;12;;;;;;WriteOff;;;;OK;;
Teória spoĺahlivosti;Schneeweiss, W.;;Book;;22808;841249;KAT-0125 (841249);BC000022808-000020;;;;;;;;;;;;12;;;;;;WriteOff;;;;OK;;
Riadenie systémov s viacerými cieĺmi;Cirák, J.;;Book;;17359;850073;KAT-0126 (850073);BC000017359-000010;;;;;;;;;;;;12;;;;;;WriteOff;;;;OK;;
Vvedenije v teoriju verojatnostej i jeje priloženija- 2;Feller. W.;;Book;;24015;850275;KAT-0127 (850275);BC000024015-000030;;;;;;;;;;;;12;;;;;;WriteOff;;;;OK;;
Osnovy kibernetiki;George, F. H.;;Book;;;850231;KAT-0128 (850231);61007-10;;;;;;;;;;;;12;;;;;;WriteOff;;;;OK;;
Osnovy kibernetiki;George, F. H.;;Book;;23443;850477;KAT-0129 (850477);BC000023441-000010;;;;;;;;;;;;12;;;;;;WriteOff;;;;OK;;
Složitost výpočtů a optimální algoritmy;Morávek J.;;Book;;90164;850694;KAT-0130 (850694);BC000024215-000010;;;;;;;;;;;;12;;;;;;WriteOff;;;;OK;;
Statistika pro techniky;Egermayer F.;M. Boháč;Book;;12237;850699;KAT-0131 (850699);BC000019912-000020;;;;;;;;;;;;12;;;;;;WriteOff;;;;OK;;
Základy systematické heuristiky;Müller J.;;Book;;24268;850845;KAT-0132 (850845);BC000024268-000010;;;;;;;;;;;;12;;;;;;WriteOff;;;;OK;;
Vvedenije v teoriju verojatnostej i jeje priloženija 2;Feller, V.;;Book;;24015;850912;KAT-0133 (850912);BC000024015-000010;;;;;;;;;;;;12;;;;;;WriteOff;;;;OK;;
Vvedenije v teoriju verojatnostej i jeje priloženija 1;Feller, V.;;Book;;62693;850913;KAT-0134 (850913);BC000062693-000010;;;;;;;;;;;;12;;;;;;WriteOff;;;;OK;;
Vvedenije v teoriju verojatnostej i jeje priloženija 1;Feller, W.;;Book;;62693;850911;KAT-0135 (850911);BC000062693-000020;;;;;;;;;;;;12;;;;;;WriteOff;;;;OK;;
Numerické řešení velkých řídících soustav;Nikolajev, J. S.;Samarskij, A.A.;Book;;22147;850938;KAT-0136 (850938);BC000022147-000010;;;;;;;;;;;;12;;;;;;WriteOff;;;;OK;;
Robot Vision;Pugh A.;;Book;;21563;851020;KAT-0137 (851020);BC000021563-000010;;;;;;;;;;;;12;;;;;;WriteOff;;;;OK;;
SOFSEM 82: Zborník referátov;;;Book;;21014;822373;KAT-0138 (822373);BC000021014-000020;;;;;;;;;;;;12;;;;;;WriteOff;;;;OK;;
Numerické metody a matematická statistika;Míka, S.;Havrda J., Přikryl P.;Book;;63182;825596;KAT-0139 (825596);BC000020711-000030;;;;;;;;;;;;12;;;;;;WriteOff;;;;OK;;
Metody shlukové analýzy;Lukasová A.;;Book;;20657;851029;KAT-0140 (851029);BC000020657-000010;;;;;;;;;;;;12;;;;;;WriteOff;;;;OK;;
Knižnica algoritmov: Zo sympózia Algoritmy 83 7,díl;;;Book;;23165;851174;KAT-0141 (851174);BC000023165-000010;;;;;;;;;;;;12;;;;;;WriteOff;;;;OK;;
Statistika v příkladech (druhé vydání);Cyhelský, L.;;Book;;62522;851196;KAT-0142 (851196);BC000017435-000010;;;;;;;;;;;;12;;;;;;WriteOff;;;;OK;;
Technické vybavení mini a mikropočítačů pro biologické experimenty;Krekule I.;;Book;;12484;860116;KAT-0143 (860116);BC000012484-000010;;;;;;;;;;;;12;;;;;;WriteOff;;;;OK;;
Uncertainty Models for Knowledge-Based Systems;Goodmen I. R.;Nguyen  H. T.;Book;;12474;860154;KAT-0144 (860154);BC000012474-000010;;;;;;;;;;;;12;;;;;;WriteOff;;;;OK;;
Programování počítačů pro ekonomické aplikace;Adamec, S.;;Book;;13816;860492;KAT-0145 (860492);BC000013816-000010;;;;;;;;;;;;12;;;;;;WriteOff;;;;OK;;
Discrete Fourier Transformers and their Applications;Čížek, V.;;Book;;14046;860653;KAT-0146 (860653);BC000014046-000010;;;;;;;;;;;;12;;;;;;WriteOff;;;;OK;;
Fuzzy množin a jejich aplikace;Novák, V.;;Book;;12554;860663;KAT-0147 (860663);BC000012554-000010;;;;;;;;;;;;12;;;;;;WriteOff;;;;OK;;
Základy technické kybernetiky;Balda, M.;;Book;;1332;861071;KAT-0148 (861071);BC000013270-000030;;;;;;;;;;;;12;;;;;;WriteOff;;;;OK;;
Robotertechnik: Technik-Woerterbuch;Buerger, E.;Korzak, G.;Book;;11201;861143;KAT-0149 (861143);BC000011201-000010;;;;;;;;;;;;12;;;;;;WriteOff;;;;OK;;
Od logických obvodů k mikroprocesorům;Bernard, J. M.;Hugon J., Corvec R.;Book;;13362;861225;KAT-0150 (861225);BC000013362-000040;;;;;;;;;;;;12;;;;;;WriteOff;;;;OK;;
Analýza kategorizovaných dat v sociologii;Řehák, J.,;Řeháková, B.;Book;;4360;861276;KAT-0151 (861276);BC000012873-000020;;;;;;;;;;;;12;;;;;;WriteOff;;;;OK;;
Numerické metody a matematická statistika;Havrda, J.;Míka S., Přikryl P.;Book;;14140;865227;KAT-0152 (865227);BC000014140-000010;;;;;;;;;;;;12;;;;;;WriteOff;;;;OK;;
Metody analýzy struktury systémů v ekonomice;Vepřek Jar.;Nedoma Josef;Book;;12427;870032;KAT-0153 (870032);BC000012427-000020;;;;;;;;;;;;12;;;;;;WriteOff;;;;OK;;
Výpočetní technika a moderní informační technologie;Ter-Manuelianc A.;;Book;;11631;870172;KAT-0154 (870172);BC000011631-000010;;;;;;;;;;;;12;;;;;;WriteOff;;;;OK;;
Histologie;Klika, Eduard (ed.);;Book;;14169;870037;KAT-0155 (870037);BC000014169-000010;;;;;;;;;;;;12;;;;;;WriteOff;;;;OK;;
Embryologie;Klika, Eduard (ed.);;Book;;11235;870040;KAT-0156 (870040);BC000011235-000010;;;;;;;;;;;;12;;;;;;WriteOff;;;;OK;;
Teorija verojatnostej i matematičeskaja statistika;Kolmogorov A. N.;;Book;;10696;870580;KAT-0157 (870580);BC000010696-000020;;;;;;;;;;;;12;;;;;;WriteOff;;;;OK;;
Anglicko-český slovník výpočetní techniky;Minihofer, Oldřich;Kratochvílová, J.;Book;;5186;870670;KAT-0158 (870670);BC000012585-000120;;;;;;;;;;;;12;;;;;;WriteOff;;;;OK;;
Integrovaná optika;Čtyroký, Jiří;;Book;;151444;870790;KAT-0159 (870790);BC000011495-000030;;;;;;;;;;;;12;;;;;;WriteOff;;;;OK;;
Obecná vývojová neurologie (druhé vydání);Lesný, I.;;Book;;11568;870932;KAT-0160 (870932);BC000011568-000010;;;;;;;;;;;;12;;;;;;WriteOff;;;;OK;;
A Computer Model Skill Acquisition;Sussman G. J.;;Book;;12924;871165;KAT-0161 (871165);BC000012924-000010;;;;;;;;;;;;12;;;;;;WriteOff;;;;OK;;
Digital Pattern Recognition;Fu, K. S. (ed.);;Book;;17678;871167;KAT-0162 (871167);BC000017678-000020;;;;;;;;;;;;12;;;;;;WriteOff;;;;OK;;
Možet li mašina myslitĺ;Tjuring A.;;Book;;11651;871168;KAT-0163 (871168);BC000011651-000010;;;;;;;;;;;;12;;;;;;WriteOff;;;;OK;;
Matematičeskaja logika i osnovania matematiky;Chang Ch.;Lee, R. Ch.;Book;;14012;871170;KAT-0164 (871170);BC000014012-000010;;;;;;;;;;;;12;;;;;;WriteOff;;;;OK;;
Symbolic Logic and Mechanical Theorem Proving;Chang Ch. L.;Lee, R. Ch.;Book;;11437;871171;KAT-0165 (871171);BC000011437-000010;;;;;;;;;;;;12;;;;;;WriteOff;;;;OK;;
Základy numerické matematiky a programování;Černá, R.;Vogel J, Zlatník C.;Book;;72650;871523;KAT-0166 (871523);BC000014016-000010;;;;;;;;;;;;12;;;;;;WriteOff;;;;OK;;
Česko-anglický slovník výpočetní techniky;Minihofer, Oldřich;Kratochvílová, J.;Book;;5185;871555;KAT-0167 (871555);BC000012589-000130;;;;;;;;;;;;12;;;;;;WriteOff;;;;OK;;
Standard Distributions in Texture Analysis;Matthies S.;G. W. Vinel, K. Helming;Book;;14250;871740;KAT-0168 (871740);BC000014250-000010;;;;;;;;;;;;12;;;;;;WriteOff;;;;OK;;
Prinjat rešenije - no kakĺ;Naumann  E.;;Book;;12669;880317;KAT-0169 (880317);BC000012669-000010;;;;;;;;;;;;12;;;;;;WriteOff;;;;OK;;
Numerické metody;Vitásek, E.;;Book;;5199;880386;KAT-0170 (880386);BC000011713-000090;;;;;;;;;;;;12;;;;;;WriteOff;;;;OK;;
Numerické metody;Vitásek E.;;Book;;5199;880385;KAT-0171 (880385);BC000011713-000080;;;;;;;;;;;;12;;;;;;WriteOff;;;;OK;;
Psychoterapie: Směry, metody, výzkum;Kratochvíl, Stanislav;;Book;;12414;880422;KAT-0172 (880422);BC000012414-000010;;;;;;;;;;;;12;;;;;;WriteOff;;;;OK;;
Patofyziologie krevního oběhu (druhé vydání);Fejfar, Z.;;Book;;11290;880423;KAT-0173 (880423);BC000011290-000010;;;;;;;;;;;;12;;;;;;WriteOff;;;;OK;;
Kompjuter-tvorec;Michie D.;R. Johnston, D. Miči, R. Džonston;Book;;12438;880510;KAT-0174 (880510);BC000012438-000010;;;;;;;;;;;;12;;;;;;WriteOff;;;;OK;;
Faktorová analýza a její zobecnění;Blahuš, Petr;;Book;;11079;880597;KAT-0175 (880597);BC000011079-000030;;;;;;;;;;;;12;;;;;;WriteOff;;;;OK;;
Off-Line Programming of Industrial Robots;Storr, A. (ed.);;Book;;10296;880681;KAT-0176 (880681);BC000010296-000010;;;;;;;;;;;;12;;;;;;WriteOff;;;;OK;;
Theory of Reflection and Cybernetics;Zeman Jiří;;Book;;664460;880716;KAT-0177 (880716);BC000010199-000010;;;;;;;;;;;;12;;;;;;WriteOff;;;;OK;;
Statističeskaja obrabotka rezuĺtatov eksperimentov;Tichonov A. N.;M. V. Ufimcev;Book;;11645;880816;KAT-0178 (880816);BC000011645-000020;;;;;;;;;;;;12;;;;;;WriteOff;;;;OK;;
Vydajuščijesja matematiki;Borodin, A. I.;Bugaj, A.S.;Book;;11139;880870;KAT-0179 (880870);BC000011139-000010;;;;;;;;;;;;12;;;;;;WriteOff;;;;OK;;
Optimierungs-verfahren und BASIC-Programme;Richter C.;;Book;;;881038;KAT-0180 (881038);;;;;;;;;;;;;12;;;;;;WriteOff;;;;OK;;
Gramatiky a jazyky;Molnár, Ludovít;Češka Milan, Melichar Bořivoj;Book;;10940;881122;KAT-0181 (881122);BC000010940-000050;;;;;;;;;;;;12;;;;;;WriteOff;;;;OK;;
Integration of Science and the Systems Approach;Javůrek, Z. (ed.);;Book;;11494;881400;KAT-0182 (881400);BC000011494-000010;;;;;;;;;;;;12;;;;;;WriteOff;;;;OK;;
Patalogická fyziologie: Učebnice pro lékařské fakulty;Trávníček, T.;;Book;;14318;881497;KAT-0183 (881497);BC000014318-000010;;;;;;;;;;;;12;;;;;;WriteOff;;;;OK;;
Fundamentals of Artificial Intelligence;Bibel, W. (ed.);;Book;;11391;890117;KAT-0184 (890117);BC000011391-000010;;;;;;;;;;;;12;;;;;;WriteOff;;;;OK;;
Přehled biologie;Rosypal, S.;;Book;;12835;890370;KAT-0185 (890370);BC000012835-000010;;;;;;;;;;;;12;;;;;;WriteOff;;;;OK;;
Expert System Technology: Development and Application;Keller R.;;Book;;10604;890425;KAT-0186 (890425);BC000010604-000020;;;;;;;;;;;;12;;;;;;WriteOff;;;;OK;;
Simulační modely;Hušek, R.;Lauber,L.;Book;;;890454;KAT-0187 (890454);BC000011430-000040;;;;;;;;;;;;12;;;;;;WriteOff;;;;OK;;
Ekoimunologie;Wagner V.;Wagnerová M.;Book;;11786;890510;KAT-0188 (890510);BC000011786-000010;;;;;;;;;;;;12;;;;;;WriteOff;;;;OK;;
Informace ve fyzice a technických oborech;Silverio, Miroslav;;Book;;73253;890592;KAT-0189 (890592);BC000073253-000010;;;;;;;;;;;;12;;;;;;WriteOff;;;;OK;;
Expertní odhady;Křovák J.;E. Zamrazilová;Book;;73252;890628;KAT-0190 (890628);BC000073252-000010;;;;;;;;;;;;12;;;;;;WriteOff;;;;OK;;
Teorie statistiky pro řízení a plánování;Kaňoková J.;;Book;;73251;890657;KAT-0191 (890657);BC000073251-000010;;;;;;;;;;;;12;;;;;;WriteOff;;;;OK;;
Lexicon medicum;Kábrt, J.;;Book;;13585;890637;KAT-0192 (890637);BC000013585-000020;;;;;;;;;;;;12;;;;;;WriteOff;;;;OK;;
Úvod do biokybernetiky a teórie experimentu;Langer, P.;;Book;;12307;890679;KAT-0193 (890679);BC000012307-000010;;;;;;;;;;;;12;;;;;;WriteOff;;;;OK;;
Autogenní trénink;Vojáček K.;;Book;;11732;890700;KAT-0194 (890700);BC000011732-000010;;;;;;;;;;;;12;;;;;;WriteOff;;;;OK;;
Příručka spolehlivosti v radioelektronice a automatizační technice;;;Book;;9857;890733;KAT-0195 (890733);BC000009857-000020;;;;;;;;;;;;12;;;;;;WriteOff;;;;OK;;
Knowledge Representation and Organization in Machine Learning;Morik ,K. (ed.);;Book;;14293;890785;KAT-0196 (890785);BC000014293-000010;;;;;;;;;;;;12;;;;;;WriteOff;;;;OK;;
Environmental Decision Support Systems;Guariso G.;H. Werthener;Book;;14081;890872;KAT-0197 (890872);BC000014081-000010;;;;;;;;;;;;12;;;;;;WriteOff;;;;OK;;
Simulated Annealing and Boltzmann Machines;Aarts, E.;Korst, J.;Book;;13807;890873;KAT-0198 (890873);BC000013807-000010;;;;;;;;;;;;12;;;;;;WriteOff;;;;OK;;
Proceedings of the 1988 IEEE International Conference on Systems, Man and Cybernetics,volume 1;;;Book;;13023;891008;KAT-0199 (891008);BC000013023-000010;;;;;;;;;;;;12;;;;;;WriteOff;;;;OK;;
Proceedings of the 1988 IEEE International Conference on Systems, Man and Cybernetics,volume 2;;;Book;;12253;891009;KAT-0200 (891009);BC000012253-000010;;;;;;;;;;;;12;;;;;;WriteOff;;;;OK;;
The Social Implications of Robotics and Advanced Industrila Automatin;Millin, D. (ed.);Raab, B. H.;Book;;12582;891010;KAT-0201 (891010);BC000012582-000010;;;;;;;;;;;;12;;;;;;WriteOff;;;;OK;;
Computation Intelligence 1;Martelli, A. (ed.);Valle, G.;Book;;14225;891190;KAT-0202 (891190);BC000014225-000010;;;;;;;;;;;;12;;;;;;WriteOff;;;;OK;;
Systems with Learning and Memory Abilities;Delacour, J. (ed.);Levy, J.L.;Book;;12125;891192;KAT-0203 (891192);BC000012125-000010;;;;;;;;;;;;12;;;;;;WriteOff;;;;OK;;
Data and Knowledge: DS-2;Meersman, R. A. (ed.);Sernadas, A. C.;Book;;14267;891193;KAT-0204 (891193);BC000014267-000010;;;;;;;;;;;;12;;;;;;WriteOff;;;;OK;;
Ecology of Computation;Huberman, B. A. (ed.);;Book;;14209;891194;KAT-0205 (891194);BC000014209-000010;;;;;;;;;;;;12;;;;;;WriteOff;;;;OK;;
Computers and Languages: Theory and Practice;Nijholt, A. (ed.);;Book;;12479;891195;KAT-0206 (891195);BC000012479-000010;;;;;;;;;;;;12;;;;;;WriteOff;;;;OK;;
Technická diagnostika;Janoušek I.;Kozák J., Taraba O.;Book;;72627;900248;KAT-0207 (900248);BC000013514-000020;;;;;;;;;;;;12;;;;;;WriteOff;;;;OK;;
Adaptivnaja obrabotka signalov;Widrow, B.;Stearns, S. D.;Book;;9927;900317;KAT-0208 (900317);BC000009927-000020;;;;;;;;;;;;12;;;;;;WriteOff;;;;OK;;
Faktornyj, diskriminantnyj i klasternyj analiz;;;Book;;11281;900350;KAT-0209 (900350);BC000011281-000010;;;;;;;;;;;;12;;;;;;WriteOff;;;;OK;;
Ekonomická semiostika a teorie informace;Bašta, A.;;Book;;13307;900409;KAT-0210 (900409);BC000013307-000010;;;;;;;;;;;;12;;;;;;WriteOff;;;;OK;;
Algoritmy a štruktury údajov (druhé vydání);Wirth N.;;Book;;94987;900417;KAT-0211 (900417);BC000009939-000010;;;;;;;;;;;;12;;;;;;WriteOff;;;;OK;;
Artificial Intelligence for Microcomputers;Williamson M.;;Book;;9930;900436;KAT-0212 (900436);BC000009930-000010;;;;;;;;;;;;12;;;;;;WriteOff;;;;OK;;
Identifikace a modelování;Eck,  Vladimír;;Book;;10022;905816;KAT-0213 (905816);BC000010022-000140;;;;;;;;;;;;12;;;;;;WriteOff;;;;OK;;
Evolution and Optimization: An Introduction to Solving Complex Problems by Replicator Networks;Voigt H.- M.;;Book;;13124;900440;KAT-0214 (900440);BC000013124-000010;;;;;;;;;;;;12;;;;;;WriteOff;;;;OK;;
Künstliche Intelligenz und Automatisierungstechnik;Pötschke D.;Lunze J.;Book;;9919;900492;KAT-0215 (900492);BC000009918-000010;;;;;;;;;;;;12;;;;;;WriteOff;;;;OK;;
Informatika i teorija razvitija;Ajlamazjan, A.K.;Stas, E. V.;Book;;13832;900504;KAT-0216 (900504);BC000013832-000010;;;;;;;;;;;;12;;;;;;WriteOff;;;;OK;;
Prognóza základních směrů VTR v elektrotechnickém a elktronickém průmyslu: SIVO 2358;Růžička J.;;Book;;12863;900544;KAT-0217 (900544);BC000012863-000020;;;;;;;;;;;;12;;;;;;WriteOff;;;;OK;;
Nejrointellekt ot nejrona k nejrokompjuteru;Sokolov E. N.;Vajtkjavičjus G. G.;Book;;10359;900554;KAT-0218 (900554);BC000010359-000010;;;;;;;;;;;;12;;;;;;WriteOff;;;;OK;;
Dinamika ierarchičeskich system: Evoljucionnoje predstavlenije;Nicolis J. S.;;Book;;12475;900564;KAT-0219 (900564);BC000012475-000010;;;;;;;;;;;;12;;;;;;WriteOff;;;;OK;;
Expertní systémy;Popper M.;Kelemen J.;Book;;10163;900632;KAT-0220 (900632);BC000010163-000010;;;;;;;;;;;;12;;;;;;WriteOff;;;;OK;;
Úvod do matematiky v alternatívnej teórii množín;Vopěnka Petr;;Book;;13125;900633;KAT-0221 (900633);BC000013125-000010;;;;;;;;;;;;12;;;;;;WriteOff;;;;OK;;
Biometrija;Lakin, G. F.;;Book;;12299;900688;KAT-0222 (900688);BC000012299-000010;;;;;;;;;;;;12;;;;;;WriteOff;;;;OK;;
Teorija vozmošnostej;Dubois, D.;Prade, H.;Book;;74133;900694;KAT-0223 (900694);BC000012169-000010;;;;;;;;;;;;12;;;;;;WriteOff;;;;OK;;
Dateanalyse mit dem Personalcomputer;Fleischer, W.;Nagel, M.;Book;;74244;900740;KAT-0224 (900740);BC000011340-000010;;;;;;;;;;;;12;;;;;;WriteOff;;;;OK;;
Künstliche Intelligenz und Automatisierungstechnik;Pötschke D.;Lunze J.;Book;;9919;900650;KAT-0225 (900650);BC000009918-000020;;;;;;;;;;;;12;;;;;;WriteOff;;;;OK;;
Simulace dynamických systémů;Zítek, P.;;Book;;56374;900898;KAT-0226 (900898);BC000010837-000010;;;;;;;;;;;;12;;;;;;WriteOff;;;;OK;;
Age of Discontinuity;Drucker P. F.;;Book;;12205;900911;KAT-0227 (900911);BC000012205-000010;;;;;;;;;;;;12;;;;;;WriteOff;;;;OK;;
Elektromagnetická kompatibilita: Sborník přednášek;;;Book;;12256;901101;KAT-0228 (901101);BC000012256-000010;;;;;;;;;;;;12;;;;;;WriteOff;;;;OK;;
Iskusstvennyj intellekt: Spravočnik;;;Book;;11506;901210;KAT-0229 (901210);BC000011506-000020;;;;;;;;;;;;12;;;;;;WriteOff;;;;OK;;
Iskusstvennyj intellekt: Spravočnik;;;Book;;11507;901211;KAT-0230 (901211);BC000011507-000020;;;;;;;;;;;;12;;;;;;WriteOff;;;;OK;;
Iskusstvennyj intellekt: Spravočnik;;;Book;;11508;901212;KAT-0231 (901212);BC000011508-000020;;;;;;;;;;;;12;;;;;;WriteOff;;;;OK;;
Sistemologija: Avtomatizacija rešenija sistemnych zadač;Klir G. J.;;Book;;10653;901217;KAT-0232 (901217);BC000010653-000010;;;;;;;;;;;;12;;;;;;WriteOff;;;;OK;;
Softwarové inženýrství;Král, Jaroslav;Demner,Jiří;Book;;14461;920720;KAT-0233 (920720);BC000014461-000020;;;;;;;;;;;;12;;;;;;WriteOff;;;;OK;;
Starting LISP for AI;Coxhead, Peter;;Book;;14861;921472;KAT-0234 (921472);BC000014861-000010;;;;;;;;;;;;12;;;;;;WriteOff;;;;OK;;
Computer Strategies for Education: Foundations and Content-Area Applications;Kinzer Charles K. (ed.);Robert D. Sherwood, John D. Bransford;Book;;14865;921477;KAT-0235 (921477);BC000014865-000010;;;;;;;;;;;;12;;;;;;WriteOff;;;;OK;;
Decision Support and Expert Systems: Managerial Perspectives;Turban Efraim;;Book;;14850;921481;KAT-0236 (921481);BC000014850-000020;;;;;;;;;;;;12;;;;;;WriteOff;;;;OK;;
Dynamics of Excel, IBM PC Edition;Yu John W.;Catherine Demers;Book;;14869;921483;KAT-0237 (921483);BC000014869-000010;;;;;;;;;;;;12;;;;;;WriteOff;;;;OK;;
Statistics for the Engineering and Computer Sciences (druhé vydání);Mendenhall,  William;Sincich,Terry;Book;;14506;921503;KAT-0238 (921503);BC000014506-000020;;;;;;;;;;;;12;;;;;;WriteOff;;;;OK;;
Decision Support and Expert Systems: Managerial Perspectives;Turban Efraim;;Book;;14850;921504;KAT-0239 (921504);BC000014850-000030;;;;;;;;;;;;12;;;;;;WriteOff;;;;OK;;
Essentials of Data Processing;Floyd Nancy A.;;Book;;14882;921505;KAT-0240 (921505);BC000014882-000010;;;;;;;;;;;;12;;;;;;WriteOff;;;;OK;;
Applied Linear Statistical Models: Regression, Analysis of Variance, and Experimen- tal Designs (druhé vydání);Neter John;William Wassermann, Michael H. Kutner;Book;;14883;921506;KAT-0241 (921506);BC000014883-000010;;;;;;;;;;;;12;;;;;;WriteOff;;;;OK;;
Statistics for Business and Economics;Van Matre Joseph G;Glenn H. Gilbreath;Book;;14884;921507;KAT-0242 (921507);BC000014884-000010;;;;;;;;;;;;12;;;;;;WriteOff;;;;OK;;
Megatrendy 2000: Desať nových smerov na devätdesiate roky;Naisbitt John;Patricia Aburdenová;Book;;14892;921525;KAT-0243 (921525);BC000014892-000010;;;;;;;;;;;;12;;;;;;WriteOff;;;;OK;;
Statistics: Solutions Manual;Shafer Nancy J.;;Book;;14885;921508;KAT-0244 (921508);BC000014885-000010;;;;;;;;;;;;12;;;;;;WriteOff;;;;OK;;
Biologické signály I: Geneze, zpracování a analýza;Svatoš, Josef;;Book;;14889;921607;KAT-0245 (921607);BC000014889-000070;;;;;;;;;;;;12;;;;;;WriteOff;;;;OK;;
WordPerfect: Příručka pro uživatele;Tichavský Jaromír;;Book;;96215;930869;KAT-0246 (930869);BC000015162-000020;;;;;;;;;;;;12;;;;;;WriteOff;;;;OK;;
Distribuované databázové systémy;Sokolovský Peter;Jaroslav Pokorný, Jiří Peterka;Book;;15500;930973;KAT-0247 (930973);BC000015500-000010;;;;;;;;;;;;12;;;;;;WriteOff;;;;OK;;
Qualitative Simulation: Modeling and Analysis;Fishiwick, P.A. (ed.);Luker, Paul A.;Book;;15309;931444;KAT-0248 (931444);BC000015309-000020;;;;;;;;;;;;12;;;;;;WriteOff;;;;OK;;
Fyziólogia 2: Učebnica pre lekárske fakulty;Trojan, Stanislav;;Book;;15239;930890;KAT-0249 (930890);BC000015239-000010;;;;;;;;;;;;12;;;;;;WriteOff;;;;OK;;
Neural Network and Fuzzy Systems: A Dynamical Systems Approach to Machine Intelligence;Bart, Kosko;;Book;;15310;931452;KAT-0250 (931452);BC000015310-000010;;;;;;;;;;;;12;;;;;;WriteOff;;;;OK;;
Numerical Recipes: Example Book (Pascal);Vetterling, William T.;Teukolsky Saul A.,Press William H., Flannery,Brian P.;Book;;15231;931484;KAT-0251 (931484);BC000015231-000010;;;;;;;;;;;;12;;;;;;WriteOff;;;;OK;;
Foundations of Mathematical System Dynamics;Aulin,Arvid;;Book;;18163;931488;KAT-0252 (931488);BC000018163-000010;;;;;;;;;;;;12;;;;;;WriteOff;;;;OK;;
Neural Network Experiments on Personal Computers and Workstations;Korn Granino A.;;Book;;18164;931492;KAT-0253 (931492);BC000018164-000010;;;;;;;;;;;;12;;;;;;WriteOff;;;;OK;;
Informatika v klinické praxi pro lékaře a klinické biology;Berger, Josef;;Book;;18100;931750;KAT-0254 (931750);BC000018100-000030;;;;;;;;;;;;12;;;;;;WriteOff;;;;OK;;
Fyziológia 1: Učebnica pre lekárske fakulty;Trojan, Stanislav;;Book;;15238;930889;KAT-0255 (930889);BC000015238-000010;;;;;;;;;;;;12;;;;;;WriteOff;;;;OK;;
Simulace biologických systémů;Pazourek, Jaroslav;;Book;;4315;931751;KAT-0256 (931751);BC000015223-000020;;;;;;;;;;;;12;;;;;;WriteOff;;;;OK;;
STATGRAPHICS aneb statistika pro každého;Koschin Felix;Igor Kárník, Luboš Marek, Milan Průša, Hana Řezanková;Book;;96666;931757;KAT-0257 (931757);BC000018375-000020;;;;;;;;;;;;12;;;;;;WriteOff;;;;OK;;
Statistika pro obchod a hospodářství;Wonnacott, Thomas H.;Wonnacott, Ronald J.;Book;;97975;932212;KAT-0258 (932212);BC000016959-000020;;;;;;;;;;;;12;;;;;;WriteOff;;;;OK;;
Neuronové sítě a informační systémy živých organismů;Novák, Mirko;Faber Josef, Kufudaki Olga;Book;;4329;940033;KAT-0259 (940033);BC000015099-000040;;;;;;;;;;;;12;;;;;;WriteOff;;;;OK;;
Fuzzy Sets and Applications: Selected Papers;Zadech L. A.;;Book;;18372;940020;KAT-0260 (940020);BC000018372-000010;;;;;;;;;;;;12;;;;;;WriteOff;;;;OK;;
Psychologický výkladový atlas;Janoušek, Jaromír;Hoskovec Jiří, Štikar Jiří";Book;;18744;940583;KAT-0261 (940583);BC000018744-000010;;;;;;;;;;;;12;;;;;;WriteOff;;;;OK;;
Fuzzy Set Theory and Its Applications;Zimmermann, Hans Jürgen;;Book;;18373;940627;KAT-0262 (940627);BC000018373-000010;;;;;;;;;;;;12;;;;;;WriteOff;;;;OK;;
Počítačové sítě LAN od A do Z;Schatt Stan;;Book;;99067;941640;KAT-0263 (941640);BC000018253-000010;;;;;;;;;;;;12;;;;;;WriteOff;;;;OK;;
Naučte se programovat ve Visual Basicu 3.0;Socha John;;Book;;18823;941027;KAT-0264 (941027);BC000018823-000010;;;;;;;;;;;;12;;;;;;WriteOff;;;;OK;;
WinText602 v. 2.1: Od Textu602 k WinTextu;Pecinovský Rudolf;Jan Pecinovský;Book;;18842;941641;KAT-0265 (941641);BC000018842-000020;;;;;;;;;;;;12;;;;;;WriteOff;;;;OK;;
Ami Pro 3.0 a počítačová typografie;Černý, Vladislav;;Book;;18982;942106;KAT-0266 (942106);BC000018982-000010;;;;;;;;;;;;12;;;;;;WriteOff;;;;OK;;
Fyzioterapie pro každého;Krauss, Herbert;;Book;;19415;950149;KAT-0267 (950149);BC000019415-000010;;;;;;;;;;;;12;;;;;;WriteOff;;;;OK;;
Elektrokardiografický atlas: Základy elektrokardiografie;Šumbera, Josef;Štejfa, Miloš;Book;;19418;950152;KAT-0268 (950152);BC000019418-000010;;;;;;;;;;;;12;;;;;;WriteOff;;;;OK;;
Languages and Architectures for Image Processing;Duff, M.J.B. (ed.);;Book;;19443;950184;KAT-0269 (950184);BC000019443-000010;;;;;;;;;;;;12;;;;;;WriteOff;;;;OK;;
Syntactic Pattern Recognition Applications;Fu, K.S. (ed.);;Book;;19444;950185;KAT-0270 (950185);BC000019444-000010;;;;;;;;;;;;12;;;;;;WriteOff;;;;OK;;
Les nouyelles images: Introduction a límage informatique;Clayssen, D.;Lobstein, D., Zeitoun, J.;Book;;19453;950194;KAT-0271 (950194);BC000019453-000010;;;;;;;;;;;;12;;;;;;WriteOff;;;;OK;;
Psychotronika pro každého: Možnosti, užití, rozvoj schopností;Janča, Jiří;;Book;;19454;950195;KAT-0272 (950195);BC000019454-000010;;;;;;;;;;;;12;;;;;;WriteOff;;;;OK;;
Základy elektrokardiografie pro praktické lékaře;Lefflerová Kateřina;Jiří Widimský, Robert Čihák;Book;;19455;950196;KAT-0273 (950196);BC000019455-000010;;;;;;;;;;;;12;;;;;;WriteOff;;;;OK;;
Risk-sensitive Optimal Control;Whittle Peter;;Book;;19469;950210;KAT-0274 (950210);BC000019469-000010;;;;;;;;;;;;12;;;;;;WriteOff;;;;OK;;
Yearbook of Medical Informatics 92: Advances in an Interdisciplinary Science;van Bemmel, J.H. (ed.);McCray, A.T.;Book;;19513;950271;KAT-0275 (950271);BC000019513-000010;;;;;;;;;;;;12;;;;;;WriteOff;;;;OK;;
System Analysis, Design and Optimization;Antamoshkin, A.;Schwefel, H.P., Törn, A., Yin, G., Žilinskas, A.;Book;;19514;950279;KAT-0276 (950279);BC000019514-000010;;;;;;;;;;;;12;;;;;;WriteOff;;;;OK;;
Computer: Aufgaben im Gesundheitswesen: Kolloguien;Hollberg, N. (ed.);Pleuss B., Rittersbacher H.;Book;;19515;950280;KAT-0277 (950280);BC000019515-000010;;;;;;;;;;;;12;;;;;;WriteOff;;;;OK;;
Computer: Aufgaben im Gesundheitswesen: Kolloguien;Hollberg, N. (ed.);Pleuss B., Rittersbacher H.;Book;;19515;950281;KAT-0278 (950281);BC000019515-000030;;;;;;;;;;;;12;;;;;;WriteOff;;;;OK;;
Computer: Aufgaben im Gesundheitswesen: Kolloguien;Hollberg, N. (ed.);Pleuss B., Rittersbacher H.;Book;;19515;950282;KAT-0279 (950282);BC000019515-000020;;;;;;;;;;;;12;;;;;;WriteOff;;;;OK;;
Computer: Werkzeug der Medizin: Kolloguim Datenverarbeitung und Medizin, Schloss Reinhatrshausen in Erbach im Rheingau;Ehlers, C.Th. (ed.);;Book;;19516;950283;KAT-0280 (950283);BC000019516-000010;;;;;;;;;;;;12;;;;;;WriteOff;;;;OK;;
Computer: Werkzeug der Medizin: Kolloguim Datenverarbeitung und Medizin, Schloss Reinhatrshausen in Erbach im Rheingau;Ehlers, C.Th. (ed.);;Book;;19516;950284;KAT-0281 (950284);BC000019516-000020;;;;;;;;;;;;12;;;;;;WriteOff;;;;OK;;
Diagnostik-Informationssystem: Integrierte elektronische Datenverarbeitung für die ärztliche Diagnostik;Bock, H.E. (ed.);Eggstein, M.;Book;;19517;950285;KAT-0282 (950285);BC000019517-000010;;;;;;;;;;;;12;;;;;;WriteOff;;;;OK;;
Diagnostik-Informationssystem: Integrierte elektronische Datenverarbeitung für die ärztliche Diagnostik;Bock, H.E. (ed.);Eggstein, M.;Book;;19517;950286;KAT-0283 (950286);BC000019517-000020;;;;;;;;;;;;12;;;;;;WriteOff;;;;OK;;
Modeling and Control in Biomedical Systems:;Patterson, B.W. (ed.);;Book;;25024;951423;KAT-0284 (951423);BC000025024-000010;;;;;;;;;;;;12;;;;;;WriteOff;;;;OK;;
Word 6 - Kompendium;Camarda, Bill;;Book;;25186;951630;KAT-0285 (951630);BC000025186-000050;;;;;;;;;;;;12;;;;;;WriteOff;;;;OK;;
Proceedings: Vision Milestones 95;Pinz, A. (ed.);Burger, W.;Book;;25175;951619;KAT-0286 (951619);BC000025175-000010;;;;;;;;;;;;12;;;;;;WriteOff;;;;OK;;
Proceedings: Angewandte Informatik und Software: Wissenschaft f. die Praxis. Turning Theory into Practice.;Schwärtzel, H. (ed.);;Book;;25176;951620;KAT-0287 (951620);BC000025176-000010;;;;;;;;;;;;12;;;;;;WriteOff;;;;OK;;
Proceedings: Database and Expert Systems Applications;Tjoa, A.M. (ed.);;Book;;25177;951621;KAT-0288 (951621);BC000025177-000010;;;;;;;;;;;;12;;;;;;WriteOff;;;;OK;;
Microsoft Word 6.0 CZ: Základní příručka uživatele;Šimek, Tomáš;Bříza,,Vladimír;Book;;95790;951631;KAT-0289 (951631);BC000095790-000020;;;;;;;;;;;;12;;;;;;WriteOff;;;;OK;;
Zpracování textů na PC - Text602;Horák, Jiří;;Book;;18402;951632;KAT-0290 (951632);BC000018402-000030;;;;;;;;;;;;12;;;;;;WriteOff;;;;OK;;
Word: učebnice práce s texty a tabulkami;Makovička, Jiří;;Book;;25188;951633;KAT-0291 (951633);BC000025188-000010;;;;;;;;;;;;12;;;;;;WriteOff;;;;OK;;
Norton Commander 4.0;Kvoch Martin;;Book;;25189;951634;KAT-0292 (951634);BC000025189-000010;;;;;;;;;;;;12;;;;;;WriteOff;;;;OK;;
Příručka supervizora Novell Netware;Pavlů Jan;Heřman Pavel;Book;;8182;951636;KAT-0293 (951636);BC000014367-000040;;;;;;;;;;;;12;;;;;;WriteOff;;;;OK;;
WordPerfect for Windows;Acerson, Karen L.;;Book;;25418;952050;KAT-0294 (952050);BC000025418-000010;;;;;;;;;;;;12;;;;;;WriteOff;;;;OK;;
Komunikace s počítačem mluvenou řečí;Psutka, Josef;;Book;;8098;952067;KAT-0295 (952067);BC000025420-000010;;;;;;;;;;;;12;;;;;;WriteOff;;;;OK;;
Vše o INTERNETU: Průvodce uživatele a katalog zdrojů;Kroll Ed;;Book;;25271;952092;KAT-0296 (952092);BC000025271-000020;;;;;;;;;;;;12;;;;;;WriteOff;;;;OK;;
Číslicové systémy odolné proti poruchám;Hlavička, Jan;Racek Stanislav,Golan Petr,Blažek Tomáš;Book;;14733;952093;KAT-0297 (952093);BC000014733-000060;;;;;;;;;;;;12;;;;;;WriteOff;;;;OK;;
Novellovský slovník sítí: Výkladový slovník termínů a zkratek z oblasti počítačových sítí. Technické a programové prostředky. NetWare, UNIX, OS/2, windows NT;Dyson, Peter;;Book;;18917;960297;KAT-0298 (960297);BC000018917-000030;;;;;;;;;;;;12;;;;;;WriteOff;;;;OK;;
WordPerfect 6.1 pro Windows - snadno a dobře;Kriegerbeck ,Slavomil;;Book;;25734;960501;KAT-0299 (960501);BC000025734-000010;;;;;;;;;;;;12;;;;;;WriteOff;;;;OK;;
Biokybernetika;Eck, Vladimír;Razím, Miroslav;Book;;25782;960980;KAT-0300 (960980);BC000025782-000110;;;;;;;;;;;;12;;;;;;WriteOff;;;;OK;;
Biokybernetika;Eck, Vladimír;Razím,Miroslav;Book;;25782;960982;KAT-0301 (960982);BC000025782-000130;;;;;;;;;;;;12;;;;;;WriteOff;;;;OK;;
Using and Understanding Medical Statistics;Matthews, David E.;Farewell, Vernon T.;Book;;26138;961573;KAT-0302 (961573);BC000026138-000010;;;;;;;;;;;;12;;;;;;WriteOff;;;;OK;;
Fuzzy Databases: Principles and Applicatons;Petry Frederick E.;;Book;;26139;961574;KAT-0303 (961574);BC000026139-000010;;;;;;;;;;;;12;;;;;;WriteOff;;;;OK;;
Lékařská přístrojová technika I;Chmelař, Milan;;Book;;26131;961618;KAT-0304 (961618);BC000026131-000010;;;;;;;;;;;;12;;;;;;WriteOff;;;;OK;;
Adaptation in Natural and Artificial Systems: An Introductory Analysis with Applications to Biology, Control, and Artificial Intelligence;Holland John H.;;Book;;26089;961652;KAT-0305 (961652);BC000026089-000010;;;;;;;;;;;;12;;;;;;WriteOff;;;;OK;;
Fuzzy Logic and Neural Network Handbook;Chen, C. H.;;Book;;26090;961660;KAT-0306 (961660);BC000026090-000010;;;;;;;;;;;;12;;;;;;WriteOff;;;;OK;;
Neurofuzzy Adaptive Modelling and Control;Brown, Martin;Harris,Chris;Book;;25110;961714;KAT-0307 (961714);BC000025110-000010;;;;;;;;;;;;12;;;;;;WriteOff;;;;OK;;
The Biomedical Engineering Handbook;Bronzino, J.D.;;Book;;26274;962061;KAT-0308 (962061);BC000026274-000010;;;;;;;;;;;;12;;;;;;WriteOff;;;;OK;;
Používáme Internet s programem NETSCAPE NAVIGATOR 2;Tauber, Daniel A.;Kienan, Brenda;Book;;26282;962068;KAT-0309 (962068);BC000026282-000020;;;;;;;;;;;;12;;;;;;WriteOff;;;;OK;;
Genetic Algorithms in Engineering and Computer;Winter, G. (ed.);Périaux J., Galán M., Cuesta P.;Book;;26357;962285;KAT-0310 (962285);BC000026357-000020;;;;;;;;;;;;12;;;;;;WriteOff;;;;OK;;
Patente der Natur: Technische Systeme in der Tierwelt Biologische Systeme als Modelle für die Technik;Greguss, Ferenc;;Book;;26414;962367;KAT-0311 (962367);BC000026414-000010;;;;;;;;;;;;12;;;;;;WriteOff;;;;OK;;
Informační dálnice;Gates Bill;Nathan Myhrvold, Peter Rinearson;Book;;26365;962472;KAT-0312 (962472);BC000026365-000010;;;;;;;;;;;;12;;;;;;WriteOff;;;;OK;;
WWW - informační servery;Berka, Milan;Hanáček Petr, Macur Jiří";Book;;26651;970702;KAT-0313 (970702);BC000026651-000040;;;;;;;;;;;;12;;;;;;WriteOff;;;;OK;;
Data Warehouse: from architecture to implementation;Barry, Devlin;;Book;;27212;971886;KAT-0314 (971886);BC000027212-000020;;;;;;;;;;;;12;;;;;;WriteOff;;;;OK;;
Nonmonontonic Reasoning;Grigoris Antoniou;;Book;;27214;971888;KAT-0315 (971888);BC000027214-000010;;;;;;;;;;;;12;;;;;;WriteOff;;;;OK;;
Tracing Chains-of-Thought: Fuzzy Methhods in Cognitive Diagnosis;Benjoe, A. Juliano;Wyllis, Bandler;Book;;27182;972099;KAT-0316 (972099);BC000027182-000010;;;;;;;;;;;;12;;;;;;WriteOff;;;;OK;;
The Evolution of Cognitive Maps: New Paradigms for the Twenty-First Century;Laszlo, Ervin (ed.);Masulli Ingazio, Artigiani Robert, Csányi Vilmos;Book;;28347;981884;KAT-0317 (981884);BC000028347-000010;;;;;;;;;;;;12;;;;;;WriteOff;;;;OK;;
Poruchy spánku a bdění;Nevšímalová, Soňa .[a kol.];;Book;;102035;982644;KAT-0318 (982644);BC000102035-000010;;;;;;;;;;;;12;;;;;;WriteOff;;;;OK;;
;;;Book;;;;KAT-0319;;;;;;;;;;;;;;;;;;;WriteOff;;;;;;
Object-Oriented Programming with the X Window System Toolkits;Smith, Jerry D.;;Book;;;;KAT-0320 (4);;;;;;;;;;;;;7;;;;;;WriteOff;;;;OK;;
An Open Look at Unix;Miller, John David;;Book;;;;KAT-0321 (6);;;;;;;;;;;;;7;;;;;;WriteOff;;;;OK;;
XView Programmning Manual for Versiton 11 of the X Windows System;Heller, Dan;;Book;;;;KAT-0322 (7);;;;;;;;;;;;;7;;;;;;WriteOff;;;;OK;;
Proceedings: Interfaces to Database Systems (druhé vydání);Cooper,  Richard (ed.);;Book;;;;KAT-0323 (8);;;;;;;;;;;;;7;;;;;;WriteOff;;;;OK;;
Advanced Production System CAD/CAM for the Future;Björke,  Oyvind (ed.);;Book;?;;;KAT-0324 (11);;;;;;;;;;;;;7;;;;;;WriteOff;;;;OK;;
Logic Models of Design;Coyne, Richard;;Book;;;;KAT-0325 (12);;;;;;;;;;;;;7;;;;;;WriteOff;;;;OK;;
On Object-Oriented Database Systems;Buchmann A.P., Dittrich, K.R. (ed.);;Book;;;;KAT-0326 (15);;;;;;;;;;;;;7;;;;;;WriteOff;;;;OK;;
Distribuované databázové systémy;Sokolowski P.;Pokorný J., Peterka J.;Book;;;;KAT-0327 (29);;;;;;;;;;;;;7;;;;;;WriteOff;;;;OK;;
Softwarové inženýrství;Král, J.;Demner ,J.;Book;;;;KAT-0328 (37);;;;;;;;;;;;;7;;;;;;WriteOff;;;;OK;;
Operating System;Tanenbaum;;Book;?;;;KAT-0329 (43);;;;;;;;;;;;;7;;;;;;WriteOff;;;;OK;;
Operační systémy;Plášil, F.;Staudek ,J.;Book;;;;KAT-0330 (45);;;;;;;;;;;;;7;;;;;;WriteOff;;;;OK;;
Integrated Process Control and Automation;Rijndorp ,J.E.;;Book;;;;KAT-0331 (61);;;;;;;;;;;;;7;;;;;;WriteOff;;;;OK;;
Systems Engineering Architecture and Design;Beam, W.R.;;Book;;;;KAT-0332 (62);;;;;;;;;;;;;7;;;;;;WriteOff;;;;OK;;
Mikroprocesory INTEL;Brandejs, Michal;;Book;;;;KAT-0333 (68);;;;;;;;;;;;;7;;;;;;WriteOff;;;;OK;;
Numerical Recipes in Pascal - The Art of Scient.Computing;Press, W.H.;Flannery, B.P.Vetterling, W.T.;Book;;15230;931493;KAT-0334 (931493);;;;;;;;;;;;;7;;;;;;WriteOff;;;;OK;;
Marketing-Management;Kotler, P.;;Book;;;;KAT-0335 (86);;;;;;;;;;;;;7;;;;;;WriteOff;;;;OK;;
Borland C++ Kompendium znalostí zkušeností;Renner, G.;;Book;;;;KAT-0336 (92);;;;;;;;;;;;;7;;;;;;WriteOff;;;;OK;;
Microsoft Windows 3.1 - Guide to Programmning;;;Book;;;;KAT-0337 (93);;;;;;;;;;;;;7;;;;;;WriteOff;;;;OK;;
The Thinking Game;Meehan, E.J.;;Book;;;;KAT-0338 (102);;;;;;;;;;;;;7;;;;;;WriteOff;;;;OK;;
Spinning the Web How to Provide Information on the Internet;Ford, Andrew;;Book;;;;KAT-0339 (108);;;;;;;;;;;;;7;;;;;;WriteOff;;;;OK;;
Programming Perl;Wall, Larry;Schwartz, Randal;Book;;;;KAT-0340 (111);;;;;;;;;;;;;7;;;;;;WriteOff;;;;OK;;
Grundlagen von Datestrukturen in C;Horowitz, E.;Sahni S, Anderson Freed S;Book;;19504;950245;KAT-0341 (114);BC000019504-000010;;;;;;;;;;;;7;;;;;;WriteOff;;;;OK;;
A Directory of Electronic Mail;Frey, D.;Adams, R;Book;;;;KAT-0342 (121);;;;;;;;;;;;;7;;;;;;WriteOff;;;;OK;;
Oracle Performace Tuning (druhé vydání);Corrigan, P.;Gurry, M.;Book;;;;KAT-0343 (137);;;;;;;;;;;;;7;;;;;;WriteOff;;;;OK;;
Lafore´s Windows Programming Made Easy;Lafore, R;;Book;;;;KAT-0344 (150);;;;;;;;;;;;;7;;;;;;WriteOff;;;;OK;;
Programmiersprachen: Grundlagen, Konzepte, Entwurf;Louden, Kenneth C.;;Book;;19503;950244;KAT-0345 (183);BC000019503-000010;;;;;;;;;;;;7;;;;;;WriteOff;;;;OK;;
UNIX: Wie funktioniert das Betriebssystemĺ;Bach, Maurice J.;;Book;;19495;950236;KAT-0346 (185);BC000019495-000010;;;;;;;;;;;;7;;;;;;WriteOff;;;;OK;;
Innovative Produktionstechnik;Krause, Frank-Lothar;Uhlmann, Eckart;Book;;;;KAT-0347 (195);;;;;;;;;;;;;7;;;;;;WriteOff;;;;OK;;
Microsoft Windows 95 Resource Kit;;;Book;;25808;960752;KAT-0348 (227);BC000025808-000010;;;;;;;;;;;;7;;;;;;WriteOff;;;;OK;;
Mistrovství v DELPHI - 1.díl;Cantú, Marco;;Book;;;;KAT-0349 (244);;;;;;;;;;;;;7;;;;;;WriteOff;;;;OK;;
Mistrovství v DELPHI - 2.díl;Cantú, Marco;;Book;;;;KAT-0350 (245);;;;;;;;;;;;;7;;;;;;WriteOff;;;;OK;;
Windows pro pokročilé a experty: architektura 32bitových systémů Windows95 a Windows NT;Richter, Jeffrey;;Book;;27067;982161;KAT-0351 (415);BC000027067-000010;;;;;;;;;;;;7;;;;;;WriteOff;;;;OK;;
The Windows NT Device Driver Book: a guide for programmers;Baker, Art;;Book;;55642;982324;KAT-0352 (441);BC000055642-000020;;;;;;;;;;;;7;;;;;;WriteOff;;;;OK;;
Windows Sockets Network Programming;Quinn, Bob;Shute,Dave;Book;;102180;982360;KAT-0353 (450);BC000102180-000010;;;;;;;;;;;;7;;;;;;WriteOff;;;;OK;;
Word 7 pro Windows 95;Mansfield, Ron;;Book;;26504;982370;KAT-0354 (472);BC000026504-000010;;;;;;;;;;;;7;;;;;;WriteOff;;;;OK;;
Vytváříme WWW stránky;Hlavenka, Jiří;Sedlář, Radek a kol.;Book;;;;KAT-0355 (478);;;;;;;;;;;;;7;;;;;;WriteOff;;;;OK;;
Aplikace jednočipových mikropočítačů INTEL;Šubrt, Vladimír;;Book;;;;KAT-0356 (479);;;;;;;;;;;;;7;;;;;;WriteOff;;;;OK;;
JAVA ref.příručka jazyka (JAVA 1.1 !!!);Grand, Mark;;Book;;;;KAT-0357 (482);;;;;;;;;;;;;7;;;;;;WriteOff;;;;OK;;
Mastering Borland C++5;Swan, Tom;;Book;;102330;982778;KAT-0358 (507);BC000102330-000010;;;;;;;;;;;;7;;;;;;WriteOff;;;;OK;;
Delphi 3 Programming;Don, Taylor (ed.);Mishel Jim, Penman John, Goggin Terence;Book;;102328;982773;KAT-0359 (517);BC000102328-000010;;;;;;;;;;;;7;;;;;;WriteOff;;;;OK;;
Ready-to-Run Delphi 3.0 Algorithms;Stephens, Rod;;Book;;102331;982779;KAT-0360 (519);BC000102331-000010;;;;;;;;;;;;7;;;;;;WriteOff;;;;OK;;
Programování v Microsoft ACCESS 2000;Dobson, Rick;;Book;;;;KAT-0361 (592);;;;;;;;;;;;;7;;;;;;WriteOff;;;;OK;;
Microsoft Visual C++ 6.0 - příručka programátora;Zaratian, Beck;;Book;;103115;990981;KAT-0362 (652);BC000103115-000010;;;;;;;;;;;;7;;;;;;WriteOff;;;;OK;;
Mistrovství ve Visual C++ (6.0);Kruglinski, David J.;;Book;;103114;990980;KAT-0363 (653);BC000103114-000010;;;;;;;;;;;;7;;;;;;WriteOff;;;;OK;;
1001 tipů a triků pro Windows NT 4 Server;Cafourek, Bohdan;Břehovská, Jana;Book;;;;KAT-0364 (682);;;;;;;;;;;;;7;;;;;;WriteOff;;;;OK;;
Microsoft OLE DB 2.0 - Programmer´s Reference and Data Access SDK;;;Book;;;;KAT-0365 (788);;;;;;;;;;;;;7;;;;;;WriteOff;;;;OK;;
JAVA Refenční příručka jazyka (JAVA 1.1 !!!);Grand, Mark;;Book;;;;KAT-0366 (791);;;;;;;;;;;;;7;;;;;;WriteOff;;;;OK;;
Základní průvodce Microsoft Visual J++ 6.0 - Příručka programátora;;;Book;;;;KAT-0367 (792);;;;;;;;;;;;;7;;;;;;WriteOff;;;;OK;;
Inside COM+ Base Services;Eddon, Guy;Eddon, Henry;Book;;104553;200550;KAT-0368 (794);BC000104553-000010;;;;;;;;;;;;7;;;;;;WriteOff;;;;OK;;
Mistrovství ve VISUAL C++ - podrobný průvodce tvorbou aplikací;Kruglinski, David J.;;Book;;103114;200622;KAT-0369 (805);BC000103114-000020;;;;;;;;;;;;7;;;;;;WriteOff;;;;OK;;
Special Edition: Using Visual C++5;Gregory, Kate;;Book;;104868;200784;KAT-0370 (834);BC000104868-000010;;;;;;;;;;;;7;;;;;;WriteOff;;;;OK;;
Vytváříme WWW stránky - 4.aktualizované vydání;Hlavenka, Jiří;Sedlář, Radek, a další;Book;;;;KAT-0371 (843);;843;;;;;;;;;;;7;;;;;;WriteOff;;;;OK;;
Microsoft Excel 2000 - Programování ve VBA;Walkenbach, John;;Book;;105298;201195;KAT-0372 (866);BC000105298-000020;;;;;;;;;;;;7;;;;;;WriteOff;;;;OK;;
Programování ve Windows pomocí MFC;Prosise, Jeff;;Book;;105300;201196;KAT-0373 (867);BC000105300-000040;;;;;;;;;;;;7;;;;;;WriteOff;;;;OK;;
Velká kniha programování v OFFICE 2000;Scott,D.F.;;Book;;105358;210770;KAT-0374 (1007);BC000105358-000010;;;;;;;;;;;;7;;;;;;WriteOff;;;;OK;;
Programujeme v Microsoft VISUAL;Kruglinski,David J.;Shepherd George, Wingo Scot;Book;;106603;210769;KAT-0375 (1008);BC000111859-000040;;;;;;;;;;;;7;;;;;;WriteOff;;;;OK;;
Core JAVA - Volume II - Advanced Features (JAVA 1.2);Horstmann, Cay S.;Cornell,Gary;Book;;283671;221015;KAT-0376 (1232);BC000283671-000010;;;;;;;;;;;;;;;;;;WriteOff;;;;;;
Programování ve Windows pomocí MFC (Visual C++ 6.0);Prosise,Jeff;;Book;;112760;221043;KAT-0377 (1241);BC000112760-000010;;;;;;;;;;;;7;;;;;;WriteOff;;;;OK;;
Programujeme v microsoft VISUAL;Kruglinski,David J.;Shepherd George, Wingo Scot;Book;;111859;221044;KAT-0378 (1242);BC000111859-000070;;;;;;;;;;;;7;;;;;;WriteOff;;;;OK;;
AI Game Programming Wisdom;Rabin, Steve (ed.);;Book;;294863;221680;KAT-0379 (1337);BC000294863-000010;;;;;;;;;;;;7;;;;;;WriteOff;;;;OK;;
MATLAB 2002 - díl I.;;;Book;;;;KAT-0380 (1341);;;;;;;;;;;;;7;;;;;;WriteOff;;;;OK;;
MATLAB 2002 - díl II.;;;Book;;;;KAT-0381 (1342);;;;;;;;;;;;;7;;;;;;WriteOff;;;;OK;;
JDK 1.4: Tutorial;Travis, Gregory M.;;Book;;295090;221739;KAT-0382 (1414);BC000295090-000010;;;;;;;;;;;;7;;;;;;WriteOff;;;;OK;;
Java: servlety a stránky JSP;Hall, Marty;;Book;;156403;230015;KAT-0383 (1421);BC000156403-000010;;;;;;;;;;;;7;;;;;;WriteOff;;;;OK;;
Swing;Robinson, Mattew;Vorobiev, Pavel;Book;;377124;230345;KAT-0384 (1448);BC000377124-000010;;;;;;;;;;;;7;;;;;;WriteOff;;;;OK;;
MCAD/MCSD Self-Paced Training Kit: Developing Web Applicationswith Microsoft Visual Basic.NET and Microsoft Visual C#.NET;;;Book;;540698;230901;KAT-0385 (1475);BC000540698-000060;;;;;;;;;;;;7;;;;;;WriteOff;;;;OK;;
Developing WEB Applications with Microsoft Visual Basic .NET and Microsoft Visual C# .NET;;;Book;;;;KAT-0386 (1476);;;;;;;;;;;;;7;;;;;;WriteOff;;;;OK;;
MCAD/MCSD Self-Paced Training Kit: Developing Web Applicationswith Microsoft Visual Basic.NET and Microsoft Visual C#.NET;;;Book;;540698;230896;KAT-0387 (1477);BC000540698-000010;;;;;;;;;;;;7;;;;;;WriteOff;;;;OK;;
MCAD/MCSD Self-Paced Training Kit: Developing Web Applicationswith Microsoft Visual Basic.NET and Microsoft Visual C#.NET;;;Book;;540698;230899;KAT-0388 (1478);BC000540698-000040;;;;;;;;;;;;7;;;;;;WriteOff;;;;OK;;
MCAD/MCSD Self-Paced Training Kit: Developing Web Applicationswith Microsoft Visual Basic.NET and Microsoft Visual C#.NET;;;Book;;540698;230900;KAT-0389 (1479);BC000540698-000050;;;;;;;;;;;;7;;;;;;WriteOff;;;;OK;;
MCAD/MCSD Self-Paced Training Kit: Developing Web Applicationswith Microsoft Visual Basic.NET and Microsoft Visual C#.NET;;;Book;;540698;230897;KAT-0390 (1480);BC000540698-000020;;;;;;;;;;;;7;;;;;;WriteOff;;;;OK;;
MCAD/MCSD Self-Paced Training Kit: Developing Web Applicationswith Microsoft Visual Basic.NET and Microsoft Visual C#.NET;;;Book;;540698;230898;KAT-0391 (1481);BC000540698-000030;;;;;;;;;;;;7;;;;;;WriteOff;;;;OK;;
Developing WEB Applications with Microsoft Visual Basic .NET and Microsoft Visual C# .NET;;;Book;;;;KAT-0392 (1482);;;;;;;;;;;;;7;;;;;;WriteOff;;;;OK;;
Developing WEB Applications with Microsoft Visual Basic .NET and Microsoft Visual C# .NET;;;Book;;;;KAT-0393 (1483);;;;;;;;;;;;;7;;;;;;WriteOff;;;;OK;;
Developing Windows-Based Applications with Microsoft Visual Basic .NET and Microsoft C# .NET;;;Book;;;;KAT-0394 (1484);;;;;;;;;;;;;7;;;;;;WriteOff;;;;OK;;
Developing Windows-Based Applications with Microsoft Visual Basic .NET and Microsoft C# .NET;;;Book;;;;KAT-0395 (1485);;;;;;;;;;;;;7;;;;;;WriteOff;;;;OK;;
Developing Windows-Based Applications with Microsoft Visual Basic .NET and Microsoft C# .NET;;;Book;;;;KAT-0396 (1486);;;;;;;;;;;;;7;;;;;;WriteOff;;;;OK;;
Developing Windows-Based Applications with Microsoft Visual Basic .NET and Microsoft C# .NET;;;Book;;;;KAT-0397 (1487);;;;;;;;;;;;;7;;;;;;WriteOff;;;;OK;;
Developing Windows-Based Applications with Microsoft Visual Basic .NET and Microsoft C# .NET;;;Book;;;;KAT-0398 (1488);;;;;;;;;;;;;7;;;;;;WriteOff;;;;OK;;
Developing Windows-Based Applications with Microsoft Visual Basic .NET and Microsoft C# .NET;;;Book;;;;KAT-0399 (1489);;;;;;;;;;;;;7;;;;;;WriteOff;;;;OK;;
Developing Windows-Based Applications with Microsoft Visual Basic .NET and Microsoft C# .NET;;;Book;;;;KAT-0400 (1491);;;;;;;;;;;;;7;;;;;;WriteOff;;;;OK;;
Microsoft Access 2002 / Programování databázových aplikací;Barker, F. Scott;;Book;;291142;230787;KAT-0401 (1504);;;;;;;;;;;;;7;;;;;;WriteOff;;;;OK;;
Flash 5 pro Windows a Macintosh;Ulrich, Katherine;;Book;;;;KAT-0402 (1529);;;;;;;;;;;;;7;;;;;;WriteOff;;;;OK;;
Flash 5 dynamické a interaktivní efekty;Hartman, Patricia;;Book;;;;KAT-0403 (1530);;;;;;;;;;;;;7;;;;;;WriteOff;;;;OK;;
Macromedia Flash MX actionscript;Derek, Franklin;Jobe, Makar;Book;;;;KAT-0404 (1531);;;;;;;;;;;;;7;;;;;;WriteOff;;;;OK;;
Macromedia dreamweaver.mx;Page, Kristine Annwn;;Book;;;;KAT-0405 (1532);;;;;;;;;;;;;7;;;;;;WriteOff;;;;OK;;
Visual Basic.NET krok za krokem;Halvorson, Michael;;Book;;;;KAT-0406 (1534);;;;;;;;;;;;;7;;;;;;WriteOff;;;;OK;;
Myslíme v jazyku Visual Basic.NET 1.díl;Petroutsos, Evangelos;;Book;;;;KAT-0407 (1537);;;;;;;;;;;;;7;;;;;;WriteOff;;;;OK;;
Myslíme v jazyku Visual Basic.NET 2.díl;Petroutsos, Evangelos;;Book;;;;KAT-0408 (1538);;;;;;;;;;;;;7;;;;;;WriteOff;;;;OK;;
Macromedia Flash MX - oficiální výukový kurz;Rey, Chrissy;;Book;;;;KAT-0409 (1556);;;;;;;;;;;;;7;;;;;;WriteOff;;;;OK;;
ASP.NET - Začínáme programovat;Písek, Slavoj;;Book;;;;KAT-0410 (1761);;;;;;;;;;;;;7;;;;;;WriteOff;;;;OK;;
Mistrovství v Microsoft Windows XP;Bott, Ed;Siechert, Carl;Book;;;;KAT-0411 (1763);;;;;;;;;;;;;7;;;;;;WriteOff;;;;OK;;
Kompletní průvodce operačním systémem Microsoft Windows XP;Norton, Peter;;Book;;;;KAT-0412 (1768);;;;;;;;;;;;;7;;;;;;WriteOff;;;;OK;;
Podrobné vydání Microsoft Office 2000 / Small Business Edition;Bott, Ed;Leonhard, Woody;Book;;;;KAT-0413 (1772);;;;;;;;;;;;;7;;;;;;WriteOff;;;;OK;;
AI Game Programming Wisdom 2;Rabin, Steve;;Book;;651964;240855;KAT-0414 (1794);BC000651964-000010;;;;;;;;;;;;7;;;;;;WriteOff;;;;OK;;
Vývoj her v jazyku Java (JAVA 1.4);Brackeen, D.;;Book;;;;KAT-0415 (1898);;;;;;;;;;;;;7;;;;;;WriteOff;;;;OK;;
Pro Android 3 (ANDROID 3);Komatineni, Satya;;Book;;731008;111709;KAT-0416 (3529);3102025218;;;;;;;;;;;;7;;;;;;WriteOff;;;;OK;;
Beginning Android 2 (ANDROID 2);Murphy, Mark L.;;Book;;730212;111014;KAT-0417 (3483);3102024942;;;;;;;;;;;;7;;;;;;WriteOff;;;;OK;;